--INSERINDO DADOS NA TABELA TIPO
INSERT INTO Tipo(Tipo_ID, Tipo_Nome) VALUES
(1, 'Normal'),
(2, 'Fogo'),
(3, 'Água'),
(4, 'Elétrico'),
(5, 'Planta'),
(6, 'Gelo'),
(7, 'Lutador'),
(8, 'Venenoso'),
(9, 'Terrestre'),
(10, 'Voador'),
(11, 'Psíquico'),
(12, 'Inseto'),
(13, 'Pedra'),
(14, 'Fantasma'),
(15, 'Dragão'),
(16, 'Sombrio'),
(17, 'Aço'),
(18, 'Fada');

--INSERINDO DADOS NA TABELA FRAQUEZAS
INSERT INTO FRAQUEZAS(Tipo_ID, Fraqueza_1_ID, Fraqueza_2_ID, Fraqueza_3_ID,Fraqueza_4_ID, Fraqueza_5_ID) VALUES 
(1, 7, NULL, NULL, NULL, NULL),
(2, 3, 9, 12, NULL, NULL),
(3, 4, 5, NULL, NULL, NULL),
(4, 9, NULL, NULL, NULL, NULL),
(5, 2, 6, 8 ,10, 12),
(6, 2, 7, 13, 17, NULL),
(7, 10, 11, 18, NULL, NULL),
(8, 5, 9, NULL, NULL, NULL),
(9, 3, 5, 6, NULL, NULL),
(10, 4, 6, 13, NULL, NULL),
(11, 12, 14, 16, NULL, NULL),
(12, 2, 10, 13, NULL, NULL),
(13, 3, 5, 7, 9, 17),
(14, 14, 16, NULL, NULL, NULL),
(15, 6, 15, 18, NULL, NULL),
(16, 7, 12, 18, NULL, NULL),
(17, 2, 7, 9, NULL, NULL),
(18, 8, 17, NULL, NULL, NULL);

INSERT INTO Efeito (Efeito_ID, Efeito_Nome, Efeito_Info) VALUES
(1, 'Burn', 'A condição de queimadura (BRN) inflige dano de 1/16 do seu HP máximo a cada turno a cada turno e reduz pela metade o dano causado pelos movimentos físicos de um Pokémon (exceto Pokémon com Guts).'),
(2, 'Freeze', 'A condição de congelamento (FRZ) faz com que um Pokémon não consiga usar movimentos.'),
(3, 'Paralysis', 'A condição de paralisia (PAR) reduz a velocidade do Pokémon e faz com que ele tenha 25% de chance de ser incapaz de usar um movimento ("totalmente paralisado") ao tentar usá-lo.'),
(4, 'Poison', 'A condição de veneno (PSN) causa dano a cada turno, veneno inflige dano igual a 1/16 do seu HP máximo a cada turno.'),
(5, 'Sleep', 'A condição de sono (SLP) faz com que um Pokémon não consiga usar movimentos, exceto Snore e Sleep Talk.'),
(6, 'Ability Change', 'A habilidade de um Pokémon pode ser temporariamente alterada para outra durante uma batalha Pokémon.'),
(7, 'Ability suppression', 'A Habilidade de um Pokémon pode ser temporariamente desativada durante uma batalha Pokémon, impedindo seu efeito.'),
(8, 'Type change', 'Um Pokémon pode ter um ou mais tipos temporariamente alterados, adicionados ou removidos em batalha.'),
(9, 'Mimic', 'Se um Pokémon usar Mimic, este movimento será temporariamente substituído por outro movimento copiado do alvo.'),
(10, 'Substitute', 'O Pokémon que usa Substitute ou Shed Tail usa até 1/4 de seu HP total (arredondado para baixo) para fazer um substituto que irá absorver golpes até "quebrar" (o dano que o substituto sofre é igual ou maior ao HP usado para fazê-lo).'),
(11, 'Transformed', 'Um Pokémon é transformado no alvo com o uso de Transform. Além disso, Imposter (habilidade característica de Ditto) faz com que o usuário se transforme automaticamente no oponente.'),
(12, 'Illusion', 'Quando um Pokémon com a Habilidade Illusion entra em batalha, sua aparência é alterada para a do último Pokémon não-Ovo consciente do grupo de seu Treinador.'),
(13, 'Bound', 'Um Pokémon vinculado sofre dano no final de cada turno e não pode ser trocado ou fugir.'),
(14, 'Curse', 'Um Pokémon amaldiçoado (afetado por Curse usado por um Pokémon do tipo Ghost) sofre dano igual a 1/4 do seu HP máximo a cada turno.'),
(15, 'Nightmare', 'Pesadelo afeta apenas um Pokémon adormecido. O Pokémon adormecido perde 1/4 de seus pontos de vida máximos a cada turno. Se o Pokémon adormecido acordar, o pesadelo não terá mais efeito.'),
(16, 'Perish Song', 'Após três turnos, todos os Pokémon que ouviram a Perish Song desmaiarão. Pokémon com a habilidade Soundproof estão isentos e não desmaiarão. Qualquer Pokémon que ouvir isso pode evitar o efeito de desmaio se for substituido antes do término da contagem de três turnos.'),
(17, 'Seeded', 'Um Pokémon afetado por Leech Seed ou Sappy Seed perde HP a cada turno, e o Pokémon na posição de usuário daquele movimento tem seu HP curado. Em batalhas envolvendo vários Pokémon, se nenhum Pokémon estiver nessa posição (por exemplo, se ele desmaiou e não pôde ser substituído), nenhum HP será deduzido do Pokémon inicializado. No entanto, se um Pokémon for capaz de ocupar essa posição posteriormente (se tiver sido revivido), o HP será mais uma vez minado do Pokémon inicializado. Enquanto um Pokémon é propagado, mesmo que sua saúde não possa ser drenada por não haver nenhum Pokémon no slot apropriado para drenar seu HP, ele não pode ser propagado novamente.'),
(18, 'Salt Cure', 'Salt Cure inflige 1/8 do HP máximo do alvo como dano por turno, além do dano causado quando é usado. Se um tipo Aço e/ou Água for afetado por Salt Cure, a quantidade de dano por turno será 1/4 do seu HP máximo.'),
(19, 'Autotomize', 'Um Pokémon que usa o movimento Autotomize terá seu status de velocidade aumentado em dois estágios e (se o usuário alterar sua velocidade com sucesso) seu peso será reduzido em 220 libras. (100kg). Se o usuário alterar seu peso com sucesso, a mensagem "<Pokémon> tornou-se ágil!" é exibido. A perda de peso com Autotomize acumula, portanto, usá-las várias vezes continuará a diminuir o peso do usuário de acordo até atingir o peso mínimo. A redução de peso do Autotomize não pode ser transferida pelo Baton Pass ou removida pelo Haze. O peso de um Pokémon é redefinido se ele mudar de forma.'),
(20, 'Identified', 'A modificação de evasão do oponente não afetará a precisão de um Pokémon que usa Foresight, Odor Sleuth ou Miracle Eye. Além disso, um movimento do tipo Normal ou Fighting usado por um Pokémon que usou Foresight ou Odor Sleuth afetará os Pokémon do tipo Ghost, e os movimentos do tipo Psychic usados ​​por um Pokémon que usou Miracle Eye afetarão os Pokémon do tipo Dark.'),
(21, 'Minimize', 'Um Pokémon que usou o movimento Minimize (ou teve o efeito passado para ele via Baton Pass) será afetado de forma mais prejudicial por alguns movimentos, incluindo Stomp, Steamroller, Body Slam, Dragon Rush, Flying Press e Phantom Force.'),
(22, 'Tar Shot', 'Um Pokémon atingido pelo movimento Tar Shot tem a eficácia dos movimentos do tipo Fire usados ​​nele duplicada. Este efeito não acumula.'),
(23, 'Grounded', 'Se um Pokémon for imune a movimentos do tipo Ground por ser do tipo Flying, ter Levitate, segurar um Air Balloon ou estar sob o efeito de Magnet Rise ou Telekinesis, e for atingido por Smack Down ou Thousand Arrows, ele ficará aterrado. e perde sua imunidade a movimentos do tipo Ground.'),
(24, 'Magnetic levitation', 'Um Pokémon levitando sobre o magnetismo via Magnet Rise fica imune a ataques do tipo Ground por cinco turnos. Assim como os Pokémon do tipo Flying e os Pokémon com Levitate, o usuário é imune aos danos de Spikes e Toxic Spikes e não é afetado por Arena Trap. Magnet Rise é completamente negado por Gravity, Ingrain e segurando uma Iron Ball. Este efeito pode ser transferido pelo Baton Pass.'),
(25, 'Telekinesis', 'Um Pokémon levitado por Telecinese é imune a movimentos do tipo Ground, Spikes, Toxic Spikes e Arena Trap por três turnos. Além disso, todos os outros movimentos, exceto movimentos de nocaute de um golpe, atingem o alvo independentemente da precisão e da evasão; no entanto, não permite movimentos para atingir Pokémon semi-invulneráveis.'),
(26, 'Aqua Ring', 'Quando um Pokémon se envolve com um véu de água usando Aqua Ring, ele restaura 1/16 de seu HP máximo a cada turno. Este efeito pode ser transferido pelo Baton Pass.'),
(27, 'Rooting', 'Quando um Pokémon planta suas raízes usando Ingrain, ele restaura 1/16 de seu HP máximo a cada turno, mas não pode trocar ou fugir, mesmo se for atingido por um movimento que forçaria isso, como Roar e Dragon Tail.'),
(28, 'Laser Focus', 'Laser Focus faz com que os movimentos do usuário resultem em um acerto crítico até o final do próximo turno, a menos que o alvo desse movimento tenha Battle Armor, Shell Armor ou esteja sob o efeito de Lucky Chant. O efeito do Laser Focus pode ser copiado por Psych Up ou Transform.'),
(29, 'Taking Aim', 'Quando um Pokémon usa Mind Reader ou Lock-On para mirar em um alvo, o próximo movimento de dano do usuário atingirá esse alvo sem falhar, mesmo que o oponente use um movimento que ofereça um turno de semi-invulnerabilidade, como Fly. Este efeito pode ser passado com bastão.'),
(30, 'Charged', 'Um Pokémon Charged tem o poder de seu próximo movimento do tipo Elétrico duplicado.'),
(31, 'Stockpile Count', 'Quando o movimento Stockpile for usado, o usuário irá estocar energia; o usuário pode armazenar energia até três vezes. Os movimentos Spit Up e Swallow infligem danos e curam o usuário com base no número de estoques, respectivamente, mas também redefinem a contagem de estoques. Ambos os movimentos falham se a contagem do estoque for zero.'),
(32, 'Defense Curl', 'Usar Defense Curl faz com que o poder de Rollout e Ice Ball dobre para o Pokémon. Este efeito não é transferido pelo Baton Pass.'),
(33, 'Can`t Escape', 'Um Pokémon que não consegue escapar não pode trocar nem fugir enquanto o Pokémon que o prendeu estiver no campo.'),
(34, 'No Retreat', 'Um Pokémon que usa o movimento No Retreat ganhará uma variante da condição Can’t Escape. O movimento No Retreat falhará se o usuário já possuir a condição No retiro, porém um Pokémon que já possua a condição Can’t escape não pode ganhar a condição No retiro, permitindo que o movimento No Retreat seja usado múltiplas vezes sem falhar.'),
(35, 'Octolock', 'Octolock inflige uma variante da condição Não é possível escapar, que reduz adicionalmente a Defesa e a Defesa Especial do alvo em um estágio cada no final de cada turno.'),
(36, 'Disable', 'Um Pokémon sob o efeito de Desativar é incapaz de usar um movimento específico por 0 a 7 turnos.'),
(37, 'Embargo', 'Um Pokémon sob o efeito de Embargo não poderá usar seu item retido e seu Treinador não poderá usar itens nele (incluindo itens Wonder Launcher) por cinco turnos. Um Pokémon sob efeito de Embargo não pode usar Fling.'), 
(38, 'Heal Block', 'Um Pokémon afetado por Heal Block ou Psychic Noise é impedido de curar por cinco ou dois turnos, respectivamente.'),
(39, 'Imprison', 'Enquanto um Pokémon estiver sob o efeito do Imprison, seus oponentes não poderão usar nenhum movimento que também seja conhecido pelo usuário do Imprison.'),
(40, 'Taunt', 'Um Pokémon provocado não pode usar nenhum movimento de status por 3 turnos, incluindo movimentos de status que sempre se transformarão em movimentos prejudiciais, como Nature Power. O status Taunt só pode ser infligido pelo movimento Taunt.'),
(41, 'Throat Chop', 'Um Pokémon atingido pelo movimento Throat Chop não poderá usar movimentos baseados em som por dois turnos.'),
(42, 'Torment', 'Um Pokémon atormentado não pode usar o mesmo movimento duas vezes seguidas.'),
(43, 'Confusion', 'A condição confusa faz com que um Pokémon às vezes se machuque durante sua confusão, em vez de executar um movimento selecionado.'),
(44, 'Infatuation', 'Um Pokémon apaixonado não pode usar movimentos 50% das vezes, mesmo contra Pokémon diferentes daquele por quem está apaixonado. Um Pokémon permanecerá apaixonado enquanto o Pokémon que o apaixonou estiver em campo..'),
(45, 'Getting Pumped', 'Um Pokémon pode ser bombeado usando o movimento Focus Energy ou se o item Dire Hit for usado nele. Um Pokémon bombeado tem 75% menos probabilidade de acertar um acerto crítico como resultado de um bug.'),
(46, 'Guard Split', 'O movimento Guard Split calcula a média das estatísticas de Defesa e Defesa Especial do usuário com as do Pokémon alvo. As alterações nas estatísticas do usuário e do alvo são ignoradas no cálculo da média.'),
(47, 'Power Slit', 'O movimento Power Split calcula a média das estatísticas de Ataque e Ataque Especial do usuário com as do Pokémon alvo. As alterações nas estatísticas do usuário e do alvo são ignoradas no cálculo da média.'),
(48, 'Speed Swap', 'O movimento Speed ​​Swap troca a estatística de velocidade do usuário com a do Pokémon alvo. Este movimento não troca modificadores de velocidade em batalha, como habilidades e estágios de estatísticas.'),
(49, 'Power Trick', 'O movimento Power Trick troca a estatística base de Ataque e a estatística base de Defesa do usuário. Este efeito é passado por Baton Pass.'),
(50, 'Choice Lock', 'Quando um Pokémon segurando Choice Band, Choice Specs ou Choice Scarf seleciona um movimento pela primeira vez, ele só poderá usar esse movimento até ser trocado.'),
(51, 'Encore', 'O Encore força o Pokémon a repetir seu último ataque por 2 a 5 turnos; se o Pokémon tiver Magic Coat ativo, o movimento falhará.'), 
(52, 'Rampage', 'Se um Pokémon usar Thrash, Outrage, Petal Dance, Rage ou Raging Fury, ele será forçado a usar esse movimento por 2-3 turnos e ficará confuso no final.'),
(53, 'Rolling', 'Se um Pokémon usar Rollout ou Ice Ball, ele será forçado a usar esse movimento por 5 turnos, dobrando seu poder a cada golpe consecutivo.'),
(54, 'Making an Uproar', 'Se um Pokémon usar Uproar, ele será forçado a usar esse movimento por 3 turnos. Enquanto um Pokémon estiver causando alvoroço, outros Pokémon não conseguirão dormir (exceto os Pokémon com a habilidade Soundproof).'),
(55, 'Bide', 'Se um Pokémon usar Bide, o usuário não poderá selecionar um movimento por um período de inatividade de 2 turnos, embora ainda seja possível trocar durante o efeito do movimento. Depois disso, Bide causará dano igual ao dobro do dano recebido durante o período de inatividade. Se o usuário não for atacado diretamente durante o período de lance, o Bide falhará no turno que teria lançado.'),
(56, 'Recharging', 'Um Pokémon que use certos movimentos com sucesso deverá recarregar durante o próximo turno. Durante a recarga, o Pokémon não pode realizar nenhuma ação.'),
(57, 'Charging Turn', 'Vários movimentos de dois turnos têm um turno em que um Pokémon não pode agir. O carregamento pode ser ignorado com uma Power Herb ou, no caso de Solar Beam e Solar Blade, na presença de luz solar intensa. Os Pokémon que estão preparando o Sky Attack ficam cobertos de luz. Pokémon que estão preparando Solar Beam ou Solar Blade absorvem a luz solar. Pokémon que estão preparando Razor Wind criam um redemoinho.'),
(58, 'Flinch', 'O status de Flinch impede que um Pokémon ataque durante um turno.'),
(59, 'Bracing', 'Quando um Pokémon usa Endure, ele se prepara para que sempre que sofrer dano naquele turno, ele sempre sobreviva com pelo menos 1 HP. O Focus Sash, Focus Band e Ability Sturdy têm efeitos semelhantes.'),
(60, 'Center of Attention', 'Se um Pokémon for o centro das atenções, seus oponentes serão forçados a mirar no centro das atenções, e não no alvo pretendido.'),
(61, 'Magic Coat', 'Um Pokémon envolto em Magic Coat refletirá a maioria dos movimentos de status usados ​​contra ele ou seu lado do campo de volta para o usuário durante o turno em que usou o movimento. A habilidade Magic Bounce reflete os mesmos movimentos.'),
(62, 'Protection', 'A protected Pokémon will be unaffected by physical, special, and/or status moves during one turn depending on the protection move used.');

INSERT INTO HABILIDADE_PASSIVA (Habilidade_ID, Habilidade_Nome, Habilidade_Descricao, Habilidade_Efeito) VALUES


INSERT INTO Pokedex (Pokedex_Num, Pokedex_Nome, Pokedex_Tipo_1, Pokedex_Tipo_2, Pokedex_Taxa_Captura, Pokedex_Geracao,Pokedex_Info) VALUES 
(1, 'Bulbassauro', 5, 8, 5.9, 1,'Por algum tempo após seu nascimento, ele utiliza os nutrientes que estão contidos na semente em seu dorso para crescer.'),
(2, 'Ivyssauro', 5, 8, 5.9, 1,'Quanto mais luz solar Ivysaur toma banho, mais força surge dentro dele, permitindo que o botão em suas costas cresça.'),
(3, 'Venussauro', 5, 8, 5.9, 1,'Enquanto se aquece ao sol, pode converter a luz em energia. Como resultado, é mais potente no verão.'),
(4, 'Charmander', 2, NULL, 5.9, 1,'A chama em sua cauda mostra a força de sua força vital. Se Charmander estiver fraco, a chama também queimará fracamente.'),
(5, 'Charmeleon', 2, NULL, 5.9, 1,'Quando ele balança sua cauda em chamas, a temperatura ao seu redor aumenta cada vez mais, atormentando seus oponentes.'),
(6, 'Charizard', 2, NULL, 5.9, 1,'Se Charizard ficar realmente irritado, a chama na ponta de sua cauda queima em um tom azul claro.'),
(7, 'Squirtle', 3, NULL, 5.9, 1,'Após o nascimento, suas costas incha e endurece formando uma concha. Ele espalha uma espuma potente pela boca.'),
(8, 'Wartortle ', 3, NULL, 5.9, 1,'A cauda longa e peluda de Wartortle é um símbolo de longevidade, por isso este Pokémon é bastante popular entre os idosos.'),
(9, 'Blastoise ', 3, NULL, 5.9, 1,'Ele aumenta deliberadamente o peso do corpo para poder suportar o recuo dos jatos de água que dispara.'),
(10, 'Caterpie ', 12, NULL, 33.3, 1,'Para proteção, ele libera um fedor horrível da antena em sua cabeça para afastar os inimigos.'),
(11, 'Metapod ', 12, NULL, 15.7, 1,'Está esperando o momento de evoluir. Nesta fase, ele só pode endurecer, por isso permanece imóvel para evitar ataques.'),
(12, 'Butterfly', 12, 10, 5.9, 1,'Ele adora o néctar das flores e pode localizar manchas de flores que contenham até mesmo pequenas quantidades de pólen.'),
(13, 'Weedle', 12, 8, 33.3, 1, 'Cuidado com o ferrão afiado em sua cabeça. Esconde-se na grama e nos arbustos onde come folhas.'),
(14, 'Kakuna', 12, 8, 15.7, 1, 'Capaz de se mover apenas ligeiramente. Quando ameaçado, pode esticar o ferrão e envenenar o inimigo.'),
(15, 'Beedrill', 12, 8, 5.9, 1, 'Possui três ferrões venenosos nas patas dianteiras e na cauda. Eles são usados ​​para atacar repetidamente o inimigo.'),
(16, 'Pidgey', 1, 10, 33.3, 1, 'Muito dócil. Se for atacado, muitas vezes levanta areia para se proteger, em vez de revidar.'),
(17, 'Pidgeotto', 1, 10, 15.7, 1, 'Este Pokémon está cheio de vitalidade. Ele voa constantemente pelo seu grande território em busca de presas.'),
(18, 'Pidgeot', 1, 10, 5.9, 1, 'Este Pokémon voa na velocidade Mach 2 em busca de presas. Suas grandes garras são temidas como armas malignas.'),
(19, 'Rattata', 1, NULL, 33.3, 1, 'Mastigará qualquer coisa com suas presas. Se você vir um, pode ter certeza de que mais 40 vivem na área.'),
(20, 'Raticate', 1, NULL, 16.6, 1, 'Suas patas traseiras são palmadas. Eles agem como nadadeiras, para que possam nadar em rios e caçar presas.'),
(21, 'Spearow', 1, 10, 33.3, 1, 'Inepto em voar alto. No entanto, pode voar muito rápido para proteger o seu território.'),
(22, 'Fearow', 1, 10, 11.8, 1, 'Um Pokémon que remonta a muitos anos. Se sentir perigo, ele voa alto e para longe, instantaneamente.'),
(23, 'Ekans', 8, NULL, 33.3, 1, 'Ele pode soltar livremente sua mandíbula para engolir presas grandes inteiras. No entanto, pode ficar muito pesado para ser movido.'),
(24, 'Arbok', 8, NULL, 11.8, 1, 'O padrão em sua barriga parece ser um rosto assustador. Inimigos fracos fugirão apenas ao ver o padrão.'),
(25, 'Pikachu', 4, NULL, 24.8, 1, 'Quando está irritado, descarrega imediatamente a energia armazenada nas bolsas em suas bochechas.'),
(26, 'Raichu', 4, NULL, 9.8, 1, 'Sua cauda descarrega eletricidade no solo, protegendo-o de choques.'),
(27, 'Sandshrew', 9, NULL, 33.3, 1, 'Ele cava tocas profundas para viver. Quando em perigo, enrola o corpo para resistir aos ataques.'),
(28, 'Sandslash', 9, NULL, 11.8, 1, 'Ele é adepto de atacar com os espinhos nas costas e suas garras afiadas enquanto corre rapidamente.'),
(29, 'Nidoran♀ (Fêmea)', 8, NULL, 30.7, 1, 'Ele usa seus dentes incisivos duros para esmagar e comer frutas. A ponta do chifre de uma fêmea Nidoran é um pouco mais arredondada do que a ponta do chifre de um macho.'),
(30, 'Nidorina', 8, NULL, 15.7, 1, 'O chifre em sua cabeça atrofiou. Acredita-se que isso aconteça para que os filhos de Nidorina não sejam cutucados enquanto a mãe os alimenta.'),
(31, 'Nidoqueen', 8, 9, 5.9, 1, 'Nidoqueen é melhor na defesa do que no ataque. Com escamas como armaduras, este Pokémon protegerá seus filhos de qualquer tipo de ataque.'),
(32, 'Nidoran♂ (Macho)', 8, NULL, 30.7, 1, 'O chifre na testa de um Nidoran masculino contém um veneno poderoso. Este é um Pokémon muito cauteloso, sempre esticando as orelhas grandes.'),
(33, 'Nidorino', 8, NULL, 15.7, 1, 'Com um chifre mais duro que o diamante, este Pokémon despedaça pedras enquanto procura uma pedra da lua.'),
(34, 'Nidoking', 8, 9, 5.9, 1, 'Quando fica furioso, é impossível controlar. Mas na presença de uma Nidoqueen com quem convive há muito tempo, Nidoking se acalma.'),
(35, 'Clefairy', 18, NULL, 19.6, 1, 'Nas noites de lua cheia, Clefairy se reúne em todos os lugares e dança. Tomar banho ao luar os faz flutuar.'),
(36, 'Clefable', 18, NULL, 3.3, 1, 'Dizem que vivem em montanhas remotas e tranquilas, esse tipo de fada tem uma forte aversão a ser vista.'),
(37, 'Vulpix', 2, NULL, 24.8, 1, 'Se for atacado por um inimigo mais forte que ele, ele finge estar ferido para enganar o inimigo e foge.'),
(38, 'Ninetales', 2, NULL, 9.8, 1, 'Algumas lendas afirmam que cada uma de suas nove caudas tem seu próprio tipo de poder místico especial.'),
(39, 'Jigglypuff', 1, 18, 22.2, 1, 'Quando seus enormes olhos tremem, ele canta uma melodia misteriosamente reconfortante que acalma seus inimigos.'),
(40, 'Wigglytuff', 1, 18, 6.5, 1, 'Tem uma pelagem muito fina. Tome cuidado para não deixá-lo com raiva, ou ele pode inflar continuamente e bater com força.'),
(41, 'Zubat', 8, 10, 33.3, 1, 'Ele emite ondas ultrassônicas de sua boca para verificar o que está ao seu redor. Mesmo em cavernas estreitas, Zubat voa com habilidade.'),
(42, 'Golbat', 8, 10, 11.8, 1, 'Adora beber o sangue de outras criaturas. Dizem que se encontrar outros de sua espécie passando fome, às vezes ele compartilha o sangue que reuniu.'),
(43, 'Oddish', 5, 8, 33.3, 1, 'Seu nome científico é Oddium vagueus. Diz-se que ele cobre distâncias de até 300 metros quando a noite cai, caminhando sobre suas duas raízes.'),
(44, 'Gloom', 5, 8, 15.7, 1, 'O fluido que escorre da boca não é baba. É um néctar usado para atrair presas.'),
(45, 'Vileplume', 5, 8, 5.9, 1, 'O botão floresce com um estrondo. Em seguida, ele começa a espalhar pólen alergênico e venenoso.'),
(46, 'Paras', 12, 5, 24.8, 1, 'Tocas sob o solo para roer raízes de árvores. Os cogumelos nas costas absorvem a maior parte da nutrição.'),
(47, 'Parasect', 12, 5, 9.8, 1, 'O hospedeiro do inseto fica sem energia pelo cogumelo em suas costas. O cogumelo parece fazer todo o pensamento.'),
(48, 'Venonat', 12, 8, 24.8, 1, 'O veneno escorre por todo o seu corpo. Ele captura pequenos insetos à noite que são atraídos pela luz.'),
(49, 'Venomoth', 12, 8, 9.8, 1, 'As asas são cobertas por escamas semelhantes a poeira. Cada vez que bate as asas, libera poeira altamente tóxica.'),
(50, 'Diglett', 9, NULL, 33.3, 1, 'Vive cerca de um metro abaixo do solo, onde se alimenta de raízes de plantas. Às vezes aparece acima do solo.'),
(51, 'Dugtrio', 9, NULL, 6.5, 1,'Suas três cabeças balançam separadamente para cima e para baixo para soltar o solo próximo, facilitando a escavação.'),
(52, 'Meowth', 1, NULL, 33.3, 1,'Tudo o que faz é dormir durante o dia. À noite, patrulha seu território com os olhos brilhantes.'),
(53, 'Persian', 1, NULL, 11.8, 1,'Embora seu pelo tenha muitos admiradores, é difícil criá-lo como animal de estimação por causa de sua maldade inconstante.'),
(54, 'Psyduck', 3, NULL, 24.8, 1,'É constantemente assolado por uma dor de cabeça. Quando a dor de cabeça fica intensa, ela começa a usar poderes misteriosos.'),
(55, 'Golduck', 3, NULL, 9.8, 1,'Quando ele nada a toda velocidade usando seus membros longos e palmados, sua testa de alguma forma começa a brilhar.'),
(56, 'Mankey', 7, NULL, 24.8, 1,'Vive em grupos nas copas das árvores. Se perder de vista o seu grupo, ficará furioso com a sua solidão.'),
(57, 'Primeape', 7, NULL, 9.8, 1,'Fica extremamente furioso se sentir alguém olhando para ele. Ele persegue qualquer um que encontre seu brilho.'),
(58, 'Growlithe', 2, NULL, 24.8, 1,'É muito amigável e fiel às pessoas. Ele tentará repelir os inimigos latindo e mordendo.'),
(59, 'Arcanine', 2, NULL, 9.8, 1,'Um antigo pergaminho ilustrado mostra que as pessoas ficavam cativadas por seu movimento enquanto ele percorria as pradarias.'),
(60, 'Poliwag', 3, NULL, 33.3, 1,'O redemoinho em sua barriga mostra seu interior aparecendo através da pele. Aparece mais claramente depois que Poliwag come.'),
(61, 'Poliwhirl', 3, NULL, 15.7, 1,'Suas duas pernas são bem desenvolvidas. Embora possa viver no solo, prefere viver na água.'),
(62, 'Poliwrath', 3, 7, 5.9, 1,'Embora seja hábil em um estilo de natação dinâmico que utiliza todos os seus músculos, por algum motivo vive em terra firme.'),
(63, 'Abra', 11, NULL, 26.1, 1,'Este Pokémon usa seus poderes psíquicos enquanto dorme. O conteúdo dos sonhos de Abra afeta os poderes que o Pokémon exerce.'),
(64, 'Kadabra', 11, NULL, 13.1, 1,'Usando seu poder psíquico, Kadabra levita enquanto dorme. Ele usa sua cauda elástica como travesseiro.'),
(65, 'Alakazam', 11, NULL, 6.5, 1,'Tem um nível de inteligência incrivelmente alto. Alguns dizem que Alakazam se lembra de tudo o que acontece com ele, desde o nascimento até a morte.'),
(66, 'Machop', 7, NULL, 23.5, 1,'Todo o seu corpo é composto por músculos. Mesmo sendo do tamanho de uma criança humana, pode arremessar 100 adultos.'),
(67, 'Machoke', 7, NULL, 11.8, 1,'Seu corpo musculoso é tão poderoso que ele deve usar um cinto economizador de energia para poder regular seus movimentos.'),
(68, 'Machamp', 7, NULL, 5.9, 1,'Ele soca com seus quatro braços em uma velocidade estonteante. Pode lançar 1.000 socos em dois segundos.'),
(69, 'Bellsprout', 5, 8, 33.3, 1,'Não importa o que Bellsprout esteja fazendo, se detectar movimento próximo, ele reagirá imediatamente estendendo a mão com suas vinhas finas.'),
(70, 'Weepinbell', 5, 8, 15.7, 1,'Embora esteja cheio de ácido, não derrete porque também exala um fluido protetor.'),
(71, 'Victreebel', 5, 8, 5.9, 1,'Ele atrai a presa para a boca com um aroma de néctar. A presa indefesa é derretida com um líquido dissolvente.'),
(72, 'Tentacool', 3, 8, 24.8, 1,'Quando a maré baixa, Tentacool desidratado pode ser encontrado na costa.'),
(73, 'Tentacruel', 3, 8, 7.8, 1,'Nas raras ocasiões em que ocorrem grandes surtos de Tentacruel, todos os Pokémon peixes desaparecem do mar circundante.'),
(74, 'Geodude', 13, 9, 33.3, 1,'Em repouso, parece uma pedra. Pisá-lo descuidadamente fará com que ele balance os punhos com raiva.'),
(75, 'Graveler', 13, 9, 15.7, 1,'Um caminhante lento, ele rola para se mover. Ele não presta atenção a nenhum objeto que esteja em seu caminho.'),
(76, 'Golem', 13, 9, 5.9, 1,'Está envolto em uma casca dura que é tão robusta quanto placas de rocha. Ele troca de pele uma vez por ano para crescer.'),
(77, 'Ponyta', 2, NULL, 24.8, 1,'Cerca de uma hora após o nascimento, a crina e a cauda flamejantes de Ponyta crescem, dando ao Pokémon uma aparência impressionante.'),
(78, 'Rapidash', 2, NULL, 7.8, 1,'Ele galopa a quase 240 Km/h. Com sua crina brilhando ferozmente, ele corre como se fosse uma flecha.'),
(79, 'Slowpoke', 3, 11, 24.8, 1,'É incrivelmente lento e estúpido. Demora cinco segundos para sentir dor quando está sob ataque.'),
(80, 'Slowbro', 3, 11, 9.8, 1,'Quando um Slowpoke foi caçar no mar, sua cauda foi mordida por um Shellder. Isso o fez evoluir para Slowbro.'),
(81, 'Magnemite', 4, 17, 24.8, 1,'As ondas eletromagnéticas emitidas pelas unidades nas laterais de sua cabeça expelem a antigravidade, o que lhe permite flutuar.'),
(82, 'Magneton', 4, 17, 7.8, 1,'Três Magnemite estão ligados por uma forte força magnética. Dores de ouvido ocorrerão se você chegar muito perto.'),
(83, 'Farfetch´d', 1, 10, 5.9, 1,'Não pode viver sem o talo que segura. É por isso que defende o talo dos atacantes com a sua vida.'),
(84, 'Doduo', 1, 10, 24.8, 1,'Suas cabeças gêmeas têm exatamente os mesmos genes e lutam em perfeita sincronia entre si.'),
(85, 'Dodrio', 1, 10, 5.9, 1,'Agora tem três corações e três conjuntos de pulmões. Embora não possa correr tão rápido quanto Doduo, Dodrio pode continuar correndo por longos períodos de tempo.'),
(86, 'Seel', 3, NULL, 24.8, 1,'A saliência na cabeça é muito dura. É usado para quebrar gelo espesso.'),
(87, 'Dewgong', 3, 6, 9.8, 1,'Ele dorme nas águas rasas do oceano durante o dia e depois procura comida à noite, quando está mais frio.'),
(88, 'Grimer', 8, NULL, 24.8, 1,'Nascidos do lodo, esses Pokémon agora se reúnem em locais poluídos e aumentam as bactérias em seus corpos.'),
(89, 'Muk', 8, NULL, 9.8, 1,'Está densamente coberto com um lodo imundo e vil. É tão tóxico que até suas pegadas contêm veneno.'),
(90, 'Shellder', 3, NULL, 24.8, 1,'Está envolto em uma concha que é mais dura que o diamante. Por dentro, porém, é surpreendentemente macio.'),
(91, 'Cloyster', 3, 6, 7.8, 1,'Os Cloyster que vivem em mares com fortes correntes de maré desenvolvem pontas grandes e afiadas em suas conchas.'),
(92, 'Gastly', 14, 8, 24.8, 1,'Ele envolve seu oponente em seu corpo gasoso, enfraquecendo lentamente sua presa ao envenená-la através da pele.'),
(93, 'Haunter', 14, 8, 11.8, 1,'Ele gosta de se esconder no escuro e bater nos ombros com a mão gasosa. Seu toque causa estremecimentos sem fim.'),
(94, 'Gengar', 14, 8, 5.9, 1,'Para roubar a vida do seu alvo, ele se esconde na sombra da presa e espera silenciosamente por uma oportunidade.'),
(95, 'Onix', 13, 9, 5.9, 1,'À medida que escava o solo, absorve muitos objetos duros. É isso que torna seu corpo tão sólido.'),
(96, 'Drowzee', 11, NULL, 24.8, 1,'Ele se lembra de cada sonho que come. Raramente come os sonhos dos adultos porque os das crianças são muito mais saborosos.'),
(97, 'Hypno', 11, NULL, 9.8, 1,'Quando ele encara um inimigo, ele usa uma mistura de movimentos psíquicos, como Hipnose e Confusão.'),
(98, 'Krabby', 3, NULL, 29.4, 1,'Pode ser encontrado perto do mar. As pinças grandes voltam a crescer se forem arrancadas das órbitas.'),
(99, 'Kingler', 3, NULL, 7.8, 1,'A pinça maior tem força de 10.000 cavalos de potência. No entanto, é tão pesado que é difícil mirar.'),
(100, 'Voltorb', 4, NULL, 24.8, 1,'Ele rola para se mover. Se o solo for irregular, um solavanco repentino ao atingir uma colisão pode fazer com que ela exploda.'),
(101, 'Electrode', 4, NULL, 7.8, 1,'Quanto mais energia ele carrega, mais rápido fica. Mas isso também aumenta a probabilidade de explodir.'),
(102, 'Exeggcute', 5, 11, 11.8, 1,'Se você tocar em uma das cabeças de Exeggcute, confundindo-a com um ovo, as outras cabeças irão rapidamente se reunir e atacar você em um enxame.'),
(103, 'Exeggutor', 5, 11, 5.9, 1,'É chamada de Selva Ambulante. Cada uma das nozes tem um rosto e uma vontade própria.'),
(104, 'Cubone', 9, NULL, 24.8, 1,'Quando a memória de sua mãe falecida o leva às lágrimas, seus gritos ecoam tristemente dentro do crânio que ele usa na cabeça.'),
(105, 'Marowak', 9, NULL, 9.8, 1,'Este Pokémon superou sua tristeza para desenvolver um novo corpo robusto. Marowak enfrenta seus oponentes com bravura, usando um osso como arma.'),
(106, 'Hitmonlee', 7, NULL, 5.9, 1,'No exato momento em que acerta o chute no alvo, Hitmonlee endurece os músculos da sola do pé, maximizando a força do chute.'),
(107, 'Hitmonchan', 7, NULL, 5.9, 1,'Ele encurrala seus inimigos com socos combinados de ambos os lados e depois os finaliza com um único soco direto lançado a mais de 480 km/h.'),
(108, 'Lickitung', 1, NULL, 5.9, 1,'Se a saliva pegajosa deste Pokémon entrar em contato com você e você não limpá-la, uma coceira intensa se instalará.'),
(109, 'Koffing', 8, NULL, 24.8, 1,'O gás tóxico é mantido dentro de seu corpo fino em forma de balão, podendo causar explosões massivas.'),
(110, 'Weezing', 8, NULL, 7.8, 1,'O perfume de alta qualidade é feito usando seus gases venenosos internos, diluindo-os ao mais alto nível.'),
(111, 'Rhyhorn', 9, 13, 15.7, 1,'Rhyhorn reivindica uma área com mais de seis milhas de raio como seu território. Aparentemente, ele se esquece de onde fica esse território durante a execução.'),
(112, 'Rhydon', 9, 13, 7.8, 1,'O chifre de um Rhydon é poderoso o suficiente para esmagar diamantes brutos. Esses Pokémon aprimoram seus chifres batendo-os um no outro.'),
(113, 'Chansey', 1, NULL, 3.9, 1,'Este gentil Pokémon põe ovos altamente nutritivos e os compartilha com Pokémon ou pessoas feridas.'),
(114, 'Tangela', 5, NULL, 5.9, 1,'Escondido sob um emaranhado de vinhas que cresce sem parar mesmo que as vinhas sejam arrancadas, a verdadeira aparência deste Pokémon permanece um mistério.'),
(115, 'Kangaskhan', 1, NULL, 5.9, 1,'Embora carregue seu bebê em uma bolsa na barriga, Kangaskhan é rápido. Intimida seus oponentes com golpes rápidos.'),
(116, 'Horsea', 3, NULL, 29.4, 1,'Se atacado - mesmo por um grande inimigo - Horsea nada sem esforço para um local seguro, utilizando sua barbatana dorsal bem desenvolvida.'),
(117, 'Seadra', 3, NULL, 9.8, 1,'O macho cria os filhotes. Se for abordado enquanto cuida dos filhotes, usará seus espinhos tóxicos para afastar o intruso.'),
(118, 'Goldeen', 3, NULL, 29.4, 1,'Suas barbatanas dorsal, peitoral e caudal ondulam elegantemente na água. É por isso que é conhecido como Dançarino da Água.'),
(119, 'Seaking', 3, NULL, 7.8, 1,'No outono, seu corpo fica mais gorduroso ao se preparar para pedir um companheiro em casamento. Adquire lindas cores.'),
(120, 'Staryu', 3, NULL, 29.4, 1,'Se você visitar uma praia no final do verão, poderá ver grupos de Staryu iluminando-se em ritmo constante.'),
(121, 'Starmie', 3, 11, 7.8, 1,'Este Pokémon possui um órgão conhecido como núcleo. O órgão brilha em sete cores quando Starmie libera seus potentes poderes psíquicos.'),
(122, 'Mr. Mime', 11, 18, 5.9, 1,'É um especialista em pantomima que pode criar paredes invisíveis, mas sólidas, usando gestos de mímica.'),
(123, 'Scyther', 12, 10, 5.9, 1,'Ele corta a grama com suas foices afiadas, movendo-se rápido demais para ser rastreado pelo olho humano.'),
(124, 'Jynx', 6, 11, 5.9, 1,'Em certas partes de Galar, Jynx já foi temida e adorada como a Rainha do Gelo.'),
(125, 'Electabuzz', 4, NULL, 5.9, 1,'Seu corpo descarrega eletricidade constantemente. Chegar perto dele deixará seus cabelos em pé.'),
(126, 'Magmar', 2, NULL, 5.9, 1,'Encontrado perto da boca de um vulcão. A temperatura corporal deste respirador de fogo é de quase 1200 graus Celsius.'),
(127, 'Pinsir', 12, NULL, 5.9, 1,'Esses Pokémon julgam uns aos outros com base em pinças. Pinças mais grossas e impressionantes aumentam a popularidade entre o sexo oposto.'),
(128, 'Tauros', 1, NULL, 5.9, 1,'Quando atinge um inimigo, ele ataca furiosamente enquanto chicoteia seu corpo com suas longas caudas.'),
(129, 'Magikarp', 3, NULL, 33.3, 1,'Um Pokémon patético e pouco poderoso. Pode saltar alto em raras ocasiões, mas nunca mais de dois metros.'),
(130, 'Gyarados', 3, 10, 5.9, 1,'Uma vez que aparece, ele fica furioso. Ele permanece enfurecido até destruir tudo ao seu redor.'), 
(131, 'Lapras', 3, 6, 5.9, 1,'Ele transporta pessoas através do mar nas suas costas. Pode cantar um grito encantador se estiver de bom humor.'),
(132, 'Ditto', 1, NULL, 4.6, 1,'Sua capacidade de transformação é perfeita. No entanto, se for feito rir, não consegue manter o disfarce.'),
(133, 'Eevee', 1, NULL, 5.9, 1,'A sua capacidade de evoluir em muitas formas permite-lhe adaptar-se de forma suave e perfeita a qualquer ambiente.'),
(134, 'Vaporeon', 3, NULL, 5.9, 1,'Vive perto da água. Sua longa cauda é estriada por uma barbatana, que muitas vezes é confundida com a de uma sereia.'),
(135, 'Jolteon', 4, NULL, 5.9, 1,'Ele concentra as fracas cargas elétricas emitidas por suas células e lança relâmpagos perversos.'),
(136, 'Flareon', 2, NULL, 5.9, 1,'O ar inalado é transportado para o seu saco de chamas, aquecido e exalado como fogo que atinge mais de 1600 graus Celsius.'),
(137, 'Porygon', 1, NULL, 5.9, 1,'É um Pokémon artificial. Como não respira, as pessoas ficam entusiasmadas com o seu potencial de ser útil em qualquer ambiente.'),
(138, 'Omanyte', 13, 3, 5.9, 1,'Como alguns Omanytes conseguem escapar após serem restaurados ou são soltos na natureza pelas pessoas, esta espécie está se tornando um problema.'),
(139, 'Omastar', 13, 3, 5.9, 1,'Sobrecarregado por uma concha grande e pesada, Omastar não conseguia se mover muito rápido. Alguns dizem que foi extinto porque não conseguia pegar comida.'),
(140, 'Kabuto', 13, 3, 5.9, 1,'Esta espécie está quase totalmente extinta. Kabuto muda a cada três dias, tornando suas conchas cada vez mais duras.'),
(141, 'Kabutops', 13, 3, 5.9, 1,'Kabutops corta sua presa e suga os fluidos. As partes do corpo descartadas servem de alimento para outros Pokémon.'),
(142, 'Aerodactyl', 13, 10, 5.9, 1,'Este é um Pokémon feroz dos tempos antigos. Aparentemente, mesmo a tecnologia moderna é incapaz de produzir um espécime perfeitamente restaurado.'),
(143, 'Snorlax', 1, NULL, 3.3, 1,'Este Pokémon guloso come constantemente, exceto quando está dormindo. Ele devora quase 900 quilos de comida por dia.'),
(144, 'Articuno', 6, 10, 0.4, 1,'Este lendário Pokémon pássaro pode criar nevascas ao congelar a umidade do ar.'),
(145, 'Zapdos', 4, 10, 0.4, 1,'Diz-se que este Pokémon lendário vive em nuvens de tempestade. Ele controla livremente os raios.'),
(146, 'Moltres', 2, 10, 0.4, 1,'É um dos lendários Pokémon pássaros. Diz-se que seu aparecimento indica a chegada da primavera.'),
(147, 'Dratini', 15, NULL, 5.9, 1,'Ele perde muitas camadas de pele à medida que cresce. Durante esse processo, é protegido por uma rápida cachoeira.'),
(148, 'Dragonair', 15, NULL, 5.9, 1,'Dizem que se emitir uma aura de todo o corpo, o clima começará a mudar instantaneamente.'),
(149, 'Dragonite', 15, 10, 5.9, 1,'Diz-se que em algum lugar do oceano existe uma ilha onde estes se reúnem. Só eles moram lá.'),
(150, 'Mewtwo', 11, NULL, 0.4, 1, 'Seu DNA é quase igual ao de Mew. No entanto, seu tamanho e disposição são muito diferentes.'),
(151, 'Mew', 11, NULL, 5.9, 1, 'Quando visto através de um microscópio, o cabelo curto, fino e delicado deste Pokémon pode ser visto.');

INSERT INTO Evolucao (Anterior, Sucessor) VALUES
(1,2),
(2,3),
(4,5),
(5,6),
(7,8),
(8,9),
(10,11),
(11,12),
(13,14),
(14,15),
(16,17),
(17,18),
(19,20),
(21,22),
(23,24),
(25,26),
(27,28),
(29,30),
(30,31),
(32,33),
(33,34),
(35,36),
(37,38),
(39,40),
(41,42),
(43,44),
(44,45),
(46,47),
(48,49),
(50,51),
(52,53),
(54,55),
(56,57),
(58,59),
(60,61),
(61,62),
(63,64),
(64,65),
(66,67),
(67,68),
(69,70),
(70,71),
(72,73),
(74,75),
(75,76),
(77,78),
(79,80),
(80,81),
(84,85),
(86,87),
(88,89),
(90,91),
(92,93),
(93,94),
(96,97),
(98,99),
(100,101),
(102,103),
(104,105),
(109,110),
(111,112),
(116,117),
(118,119),
(120,121),
(129,130),
(133,134),
(133,135),
(133,136),
(138,139),
(140,141),
(147,148),
(148,149);

INSERT INTO Pokemon (Pokemon_ID, Pokedex_Nome, Pokemon_Habilidade_1, Pokemon_Habilidade_2, Pokemon_Habilidade_3, Pokemon_Habilidade_4,
Pokemon_Level_MIN, Pokemon_Level_MAX, Pokemon_HP_MIN, Pokemon_HP_MAX, Pokemon_ATK_MIN, Pokemon_ATK_MAX,
Pokemon_DEF_MIN, Pokemon_DEF_MAX, Pokemon_SP_ATK_MIN, Pokemon_SP_ATK_MAX, Pokemon_SP_DEF_MIN, Pokemon_SP_DEF_MAX,
Pokemon_VELOCIDADE_MIN, Pokemon_VELOCIDADE_MAX, Pokemon_Sexo, Pokemon_Altura, Pokemon_Peso, Pokemon_IMG) VALUES\
()

INSERT INTO Treinador (Treinador_Nome, Treinador_Email, Treinador_Senha, Treinador_Data_Nascimento) VALUES
('Joás', 'Joas.email@email.com', '1234', ),
('Guilherme', 'guilherme.email@email.com', '5678', '28/09/1998'),
('João', 'joao.email@email.com', '9101112', );

INSERT INTO Registro_Pokedex (Pokemon_ID, Treinador_ID) VALUES
()

